Workbook

Sheet Siembras
A1: Marca temporal | B1: Dirección de correo electrónico | C1: Nombre Completo | D1: Sede | E1: Rol del sembrador | F1: Programa | G1: Grupo | H1: Provincia / Comarca | I1: Fecha de la siembra | J1: Ubicación de la Siembra | K1: Coordenadas de la siembra | L1: Tipo de Árbol | M1: Nombre científico del Árbol | N1: Descripción del Árbol | O1: Foto del Árbol sembrado | P1: Cédula | Q1: Foto del Árbol sembrado | R1: Email | S1: Imagen
A2: 45548.716 | B2: domingo.vega@oteima.ac.pa | C2: Domingo Vega Vega | D2: Santiago | E2: Estudiante | F2: Licenciatura en Informática con Énfasis en Redes y Telecomunicaciones | G2: 0222 | H2: Herrera | I2: 45548 | J2: Ocú, Peñas Chatas, Paso Laja | K2: 8.016322, -80.817181 8º0'58"N, 80º49'1"W 17 N 520145.36 886106.77 17P NJ 20146 86107 | L2: Guayacán morado | M2: Handroanthus impetiginosus | N2: Es un árbol nativo de América tropical y es conocido por sus vistosas flores moradas. | O2: https://drive.google.com/open?id=1PBT6sagBs-OD8zHkv-dGMIHL0YUFIrcp | P2: 6-719-2441 | T2: En la web
A3: 45548.987 | B3: fernando.adames@oteima.ac.pa | C3: Fernando Camaño | D3: Santiago | E3: Estudiante | F3: Técnico en Informática, Redes y Telecomunicaciones | G3: 0222 | H3: Veraguas | I3: 45547 | J3: Barriada la Esmeralda, corregimiento de Canto del Llano | K3: https://maps.apple.com/?ll=8.111931,-80.970868&q=Marcador&t=m | L3: Guayacán | M3: Guaiacum officinale | N3: Plantón pequeño | O3: https://drive.google.com/open?id=1VqyPSh1QuvN53CoUZVG_PwlpWd_8tkeg | P3: 9-757-2446 | T3: En la web
A4: 45548.999 | B4: anthony.rodriguez@oteima.ac.pa | C4: Anthony Rodriguez | D4: Santiago | E4: Estudiante | F4: Licenciatura en Informática con Énfasis en Redes y Telecomunicaciones | G4: 0222 | H4: Veraguas | I4: 45548 | J4: Veraguas, Nuevo Santiago, San Antonio. | K4: https://www.google.com/maps/search/?api=1&query=33JF%2B652++Santiago++Veraguas+Province++Panama | L4: Guayacán Morado | M4: Maculís | N4: Es un arbusto de 2 a 5 m de altura, presenta ramas gruesas y torcidas desde la base, con un diámetro del tronco de hasta 20 cm., de copa densa, apretada, perennifolio. Sus flores son pequeñas y violáceas. Sus frutos son cápsulas moradas, tiene numerosas semillas. | O4: https://drive.google.com/open?id=127loAtCKA4gZ7f0Tq6mBqZjwQpJnu3q5 | P4: 4-830-1297 | T4: En la web
A5: 45551.889 | B5: kevin.concepcion@oteima.ac.pa | C5: Kevin Elieser Concepción Rodríguez | D5: Santiago | E5: Estudiante | F5: Licenciatura en Informática con Énfasis en Redes y Telecomunicaciones | G5: INF-0122 NOCTURNO | H5: Veraguas | I5: 45551 | J5: La Honda, San Juan, San Francisco, Veraguas, Panamá | K5: 8.322717898883392, -81.02702797286486 | L5: Guayacán | M5: Tabebuia rosea | N5: Este árbol pertenece a la familia Bignoniaceae y es también llamado guayacán rosado, apamate, o ocobo. Es originario de América y se encuentra comúnmente en diversas regiones tropicales, como Colombia y otros países de América Central y del Sur. | O5: https://drive.google.com/open?id=1jDQt1GUHKcL2GTBtuJ35Ke7_pYHCb4yX | P5: 9-762-2281 | T5: En la web
A6: 45554.898 | B6: fatima.escobar@oteima.ac.pa | C6: Fatima Escobar | D6: Santiago | E6: Estudiante | F6: Licenciatura en Informática con Énfasis en Redes y Telecomunicaciones | G6: Nocturno_022 | H6: Veraguas | I6: 45550 | J6: Rio de Jesus, el cuartillo | K6: https://maps.app.goo.gl/kp9smGdMzPW4in4GA | L6: Guayacán morado | M6: Guaiacum coulteri | N6: El guayacán es un árbol tropical conocido por su madera dura y sus flores vistosas. | O6: https://drive.google.com/open?id=1sxNKjTj9d-19iEbj3ZwtDA2ZW9Sgs5gc | P6: 9-762-263 | T6: En la web
A7: 45558.73 | B7: corina.lara@oteima.ac.pa | C7: Corina Nicole Lara González | D7: Santiago | E7: Estudiante | F7: Licenciatura en Informática con Énfasis en Redes y Telecomunicaciones | G7: Noct-0222 | H7: Veraguas | I7: 45552 | J7: Distrito de Santiago, corregimiento Carlos Santana Ávila, lugar El Espino de Santa Rosa | K7: 8.093288,-80.828315 | L7: Guayacán Morado | M7: Tabebuia Impetiginosa | N7: El guayacán es un árbol tropical conocido por su madera dura y sus flores vistosas. Aquí tienes algunas recomendaciones para su siembra: 1. Clima: El guayacán requiere un clima cálido y tropical. Idealmente, debe recibir pleno sol y estar en una región con temperaturas que no bajen de 10°C. 2. Suelo: Prefiere suelos bien drenados y ligeramente ácidos a neutros. Evita suelos arcillosos o que retengan demasiada agua, ya que esto puede llevar a problemas de raíz. 3. Preparación del Suelo: Asegúrate de preparar el suelo adecuadamente antes de plantar. Puedes mejorar el drenaje agregando arena o material orgánico. 4. Espaciado: Si plantas más de un árbol, asegúrate de dejarlos a una distancia adecuada, generalmente de 4 a 6 metros entre cada uno, para permitir un buen desarrollo. 5. Riego: Aunque el guayacán es bastante resistente a la sequía una vez establecido, asegúrate de regar bien durante el primer año para fomentar un buen crecimiento. Luego, el riego puede reducirse a medida que el árbol se aclimata. 6. Fertilización: Fertiliza el suelo con un abono balanceado durante la temporada de crecimiento para apoyar el desarrollo saludable del árbol. 7. Mantenimiento: Controla las plagas y enfermedades, y poda el árbol si es necesario para mantener su forma y salud. Recuerda que el guayacán es un árbol de crecimiento lento, así que ten paciencia mientras se desarrolla. | O7: https://drive.google.com/open?id=1nINt8LsiABPTLUixwX2GBm9OZPtUnZXC | P7: 9-758-1377 | T7: En la web
A8: 45560.356 | B8: angie.milagros@oteima.ac.pa | C8: Angie Hidalgo | D8: Santiago | E8: Estudiante | F8: Licenciatura en Informática con Énfasis en Redes y Telecomunicaciones | G8: 0122 | H8: Veraguas | I8: 45559 | J8: Los Hatillos vía La Colorada, Santiago, Veraguas. | K8: https://maps.app.goo.gl/mk9DydETa3nkCP7B7 | L8: Guayacan morado | M8: Handroanthus impetiginosus | N8: El guayacán morado (Handroanthus impetiginosus) es un árbol majestuoso y emblemático de América Latina, conocido por su floración espectacular. En temporada, sus ramas se cubren de racimos de flores de un color púrpura intenso, creando un manto de tonos vibrantes que contrastan con el azul del cielo y el verdor de su follaje. | O8: https://drive.google.com/open?id=1_IWcuUYVDQ1s-9Uy24RSstWPW7EokfL8 | P8: 9-762-2343 | T8: En la web
A9: 45560.388 | B9: angie.milagros@oteima.ac.pa | C9: Angie Hidalgo | D9: Santiago | E9: Estudiante | F9: Licenciatura en Informática con Énfasis en Redes y Telecomunicaciones | G9: 0122 | H9: Veraguas | I9: 45559 | J9: Los Hatillos vía La Colorada, Santiago, Veraguas. | K9: https://maps.app.goo.gl/mk9DydETa3nkCP7B7 | L9: Guayacan morado | M9: Handroanthus impetiginosus | N9: El guayacan morado, conocido por su hermosa floración de color violeta o morada. Durante la temporada seca, su copa se llena de vida con un manto de color que contrasta bellamente con el cielo despejado. El guayacán morado simboliza fuerza, resistencia y renovación. Su capacidad para florecer de manera espectacular en la temporada seca, cuando la mayoría de los árboles parecen inertes, lo convierte en un símbolo de perseverancia frente a la adversidad. | O9: https://drive.google.com/open?id=1LzK31KZMVSdFsdiTlsYsoRvuciLtjO6M | P9: 9-762-2343 | T9: En la web
A10: 45560.392 | B10: angie.milagros@oteima.ac.pa | C10: Angie Hidalgo | D10: Santiago | E10: Estudiante | F10: Licenciatura en Informática con Énfasis en Redes y Telecomunicaciones | G10: 0122 | H10: Veraguas | I10: 45559 | J10: Los Hatillos vía La Colorada, Santiago, Veraguas. | K10: https://maps.app.goo.gl/mk9DydETa3nkCP7B7 | L10: Guayacán morado | M10: Handroanthus impetiginosus | N10: El guayacan morado, conocido por su hermosa floración de color violeta o morada. Durante la temporada seca, su copa se llena de vida con un manto de color que contrasta bellamente con el cielo despejado. El guayacán morado simboliza fuerza, resistencia y renovación. Su capacidad para florecer de manera espectacular en la temporada seca, cuando la mayoría de los árboles parecen inertes, lo convierte en un símbolo de perseverancia frente a la adversidad. | O10: https://drive.google.com/open?id=1iQSzL1Swm2EcGWvpPU_PHUWyCTXsd7IK | P10: 9-762-2343 | T10: En la web
A11: 45560.745 | B11: liag70921@gmail.com | C11: Lia Milena González Pardo | D11: Santiago | E11: Estudiante | F11: Técnico en Informática, Redes y Telecomunicaciones | G11: INFO-0123NOCTURNO | H11: Veraguas | I11: 45560 | J11: San Francisco Distrito, Barrida El Rosario | K11: 8.24489° N, 80.98041° O | L11: Guayacán | M11: Handroanthus guayacan | N11: Árbol pequeño color verde de tamaño pequeño | O11: https://drive.google.com/open?id=1h8Vwe3I33Tsj4W_G5isH3eHGa5Omos0l | P11: 9-765-2184 | T11: En la web
A12: 45563.602 | B12: fernando.barria@oteima.ac.pa | C12: Fernando Barría Cornejo | D12: Santiago | E12: Docente | H12: Veraguas | I12: 45559 | J12: Cañazas, Visvalles, Alto de Los Sánchez | K12: https://maps.app.goo.gl/xyH7X3ajJXxSvQyk6 | L12: Guayacán Morado | M12: Tabebuia impetiginosa | N12: Es un árbol de hasta 15 metros de altura, con una corteza grisácea y flores moradas en racimos que florecen en primavera. Su madera es dura y valiosa, y es apreciado por su belleza ornamental. | O12: https://drive.google.com/open?id=1TAFDv-tB8PbANZb2ohXq1rJZ4Ib7eEdI | P12: 9-715-388 | T12: En la web
A13: 45563.614 | B13: fernando.barria@oteima.ac.pa | C13: Fernando Barría Cornejo | D13: Santiago | E13: Docente | H13: Veraguas | I13: 45559 | J13: Cañazas, Visvalles, Alto de Los Sanchez | K13: https://maps.app.goo.gl/xyH7X3ajJXxSvQyk6 | L13: Guayacán Morado | M13: Tabebuia impetiginosa | N13: Es un árbol de hasta 15 metros de altura, con una corteza grisácea y flores moradas en racimos que florecen en primavera. Su madera es dura y valiosa, y es apreciado por su belleza ornamental. | O13: https://drive.google.com/open?id=1Q_o4vsgx3kw0BpJF2UhjQqevY-7ugR_X | P13: 9-715-388 | T13: En la web
A14: 45728.713 | B14: john.jordan@oteima.ac.pa | C14: John jordán | D14: Santiago | E14: Estudiante | F14: Técnico en Informática, Redes y Telecomunicaciones | G14: 0224 | H14: Veraguas | I14: 45693 | J14: Distrito Rio de Jesús | K14: Coordenadad 7.9844805, -81.1622413 | L14: Guayacá | M14: Guaiacum senctum | N14: El guayacán morado, científicamente conocido como Guaiacum sanctum, es un árbol nativo de América Central y el Caribe, famoso por su madera extremadamente dura y densa, así como por sus hermosas flores moradas | O14: https://drive.google.com/open?id=1s2JWF9oo-CkgZ7XSm5IDSS63fQIg10cg | P14: 9-767-1065

Sheet Web
A1: Nombre del Forestador | B1: Rol en la OTEIMA | C1: Fecha de la siembra | D1: Ubicación de la Siembra | E1: Coordenadas de la siembra | F1: Tipo de Árbol | G1: Foto del Árbol sembrado
A2: =#REF! -> #REF! | B2: =#REF! -> #REF! | C2: =#REF! -> #REF! | D2: =#REF! -> #REF! | E2: =#REF! -> #REF! | F2: =#REF! -> #REF! | G2: =#REF! -> #REF!
A3: =#REF! -> #REF! | B3: =#REF! -> #REF! | C3: =#REF! -> #REF! | D3: =#REF! -> #REF! | E3: =#REF! -> #REF! | F3: =#REF! -> #REF!
A4: =#REF! -> #REF! | B4: =#REF! -> #REF! | C4: =#REF! -> #REF! | D4: =#REF! -> #REF! | E4: =#REF! -> #REF! | F4: =#REF! -> #REF!
A5: =Siembras!C15 -> 0
A6: =Siembras!C16 -> 0
A7: =Siembras!C17 -> 0
A8: =Siembras!C18 -> 0
A9: =Siembras!C19 -> 0
A10: =Siembras!C20 -> 0
A11: =Siembras!C21 -> 0
A12: =Siembras!C22 -> 0
A13: =Siembras!C23 -> 0
A14: =Siembras!C24 -> 0
A15: =Siembras!C25 -> 0
A16: =Siembras!C26 -> 0
... A18: =Siembras!C28 -> 0
